{"IcoMoonType":"selection","icons":[{"icon":{"paths":["M135.429 808h132v-396.571h-132v396.571zM276 289.143c-0.571-38.857-28.571-68.571-73.714-68.571s-74.857 29.714-74.857 68.571c0 37.714 28.571 68.571 73.143 68.571h0.571c46.286 0 74.857-30.857 74.857-68.571zM610.286 808h132v-227.429c0-121.714-65.143-178.286-152-178.286-70.857 0-102.286 39.429-119.429 66.857h1.143v-57.714h-132s1.714 37.143 0 396.571v0h132v-221.714c0-11.429 0.571-23.429 4-32 9.714-23.429 31.429-48 68-48 47.429 0 66.286 36 66.286 89.714v212zM877.714 237.714v548.571c0 90.857-73.714 164.571-164.571 164.571h-548.571c-90.857 0-164.571-73.714-164.571-164.571v-548.571c0-90.857 73.714-164.571 164.571-164.571h548.571c90.857 0 164.571 73.714 164.571 164.571z"],"width":877.7142857142857,"attrs":[],"isMulticolor":false,"isMulticolor2":false,"tags":["linkedin-square"],"defaultCode":61580,"grid":14},"attrs":[],"properties":{"name":"linkedin-square","id":133,"order":3,"prevSize":28,"code":61580},"setIdx":1,"setId":2,"iconIdx":133},{"icon":{"paths":["M548 6.857v150.857h-89.714c-70.286 0-83.429 33.714-83.429 82.286v108h167.429l-22.286 169.143h-145.143v433.714h-174.857v-433.714h-145.714v-169.143h145.714v-124.571c0-144.571 88.571-223.429 217.714-223.429 61.714 0 114.857 4.571 130.286 6.857z"],"width":602.2582857142856,"attrs":[],"isMulticolor":false,"isMulticolor2":false,"tags":["facebook","facebook-f"],"defaultCode":61594,"grid":14},"attrs":[],"properties":{"name":"facebook, facebook-f","id":146,"order":2,"prevSize":28,"code":61594},"setIdx":1,"setId":2,"iconIdx":146},{"icon":{"paths":["M645.714 341.143l9.143-100h-505.143l26.857 305.143h349.714l-12.571 130.286-112.571 30.286-112-30.286-7.429-80h-100l12.571 158.857 206.857 57.143h2.286v-0.571l205.143-56.571 28.571-310.857h-368l-8.571-103.429h385.143zM0 73.143h804.571l-73.143 821.714-330.286 92.571-328-92.571z"],"width":804.5714285714286,"attrs":[],"isMulticolor":false,"isMulticolor2":false,"tags":["html5"],"defaultCode":61755,"grid":14},"attrs":[],"properties":{"name":"html5","id":282,"order":4,"prevSize":28,"code":61755},"setIdx":1,"setId":2,"iconIdx":282},{"icon":{"paths":["M157.143 73.143h860l-152 761.714-459.429 152.571-398.857-152.571 40.571-203.429h169.714l-16.571 84 241.143 92 277.714-92 38.857-193.714h-690.286l33.143-169.714h690.857l21.714-109.143h-690.286z"],"width":1024,"attrs":[],"isMulticolor":false,"isMulticolor2":false,"tags":["css3"],"defaultCode":61756,"grid":14},"attrs":[],"properties":{"name":"css3","id":283,"order":5,"prevSize":28,"code":61756},"setIdx":1,"setId":2,"iconIdx":283},{"icon":{"paths":["M649.143 834.857l-35.429-104.571c-13.714 6.857-39.429 12.571-58.857 12.571-58.286 1.714-70.286-40.571-70.286-72v-227.429h146.857v-110.857h-146.286v-186.286h-107.429c-1.714 0-4.571 1.714-5.143 5.714-6.286 56.571-33.143 157.143-144 197.143v94.286h74.286v238.857c0 81.714 60 198.286 219.429 195.429 53.714-1.143 113.714-23.429 126.857-42.857zM877.714 237.714v548.571c0 90.857-73.714 164.571-164.571 164.571h-548.571c-90.857 0-164.571-73.714-164.571-164.571v-548.571c0-90.857 73.714-164.571 164.571-164.571h548.571c90.857 0 164.571 73.714 164.571 164.571z"],"width":877.7142857142857,"attrs":[],"isMulticolor":false,"isMulticolor2":false,"tags":["tumblr-square"],"defaultCode":61812,"grid":14},"attrs":[],"properties":{"name":"tumblr-square","id":335,"order":6,"prevSize":28,"code":61812},"setIdx":1,"setId":2,"iconIdx":335},{"icon":{"paths":["M1128.571 565.714h-78.857c0 0 8-21.143 37.714-102.286-0.571 0.571 8-21.143 12.571-34.857l6.857 31.429c17.714 87.429 21.714 105.714 21.714 105.714zM303.429 528.571l-33.143-168.571c-4.571-23.429-22.286-30.857-42.857-30.857h-153.143l-1.143 7.429c105.143 26.857 191.429 84 230.286 192zM405.714 329.143l-92.571 250.286-9.714-50.857c-20-53.143-68.571-102.286-123.429-124.571l77.143 291.429h100l149.143-366.286h-100.571zM485.143 696h94.857l59.429-366.857h-94.857zM924 338.286c-18.857-7.429-48.571-15.429-85.143-15.429-93.714 0-159.429 49.714-160 121.143-0.571 52.571 46.857 81.714 82.857 99.429 37.143 17.714 49.143 29.714 49.143 45.714 0 24.571-29.714 35.429-56.571 35.429-38.286 0-58.857-4.571-89.143-18.857l-12.571-6.286-13.143 82.286c22.286 10.286 62.857 19.429 105.714 19.429 99.429 0.571 164-49.143 165.143-125.143 0-41.714-25.714-73.143-80-99.429-33.143-16.571-53.143-28.571-53.143-45.714 0-15.429 17.143-31.429 54.286-31.429 30.857-0.571 53.714 5.714 70.857 13.714l8.571 4.571zM1166.857 329.143h-73.143c-22.857 0-40 6.857-49.714 30.857l-140.571 336h99.429c16-45.143 20-54.857 20-54.857h121.143c0 0 2.857 12.571 11.429 54.857h88zM1316.571 146.286v731.429c0 40-33.143 73.143-73.143 73.143h-1170.286c-40 0-73.143-33.143-73.143-73.143v-731.429c0-40 33.143-73.143 73.143-73.143h1170.286c40 0 73.143 33.143 73.143 73.143z"],"width":1316.5714285714284,"attrs":[],"isMulticolor":false,"isMulticolor2":false,"tags":["cc-visa"],"defaultCode":61936,"grid":14},"attrs":[],"properties":{"name":"cc-visa","id":451,"order":7,"prevSize":28,"code":61936},"setIdx":1,"setId":2,